<?xml version="1.0" encoding="UTF-8" ?>
<!DOCTYPE log4j:configuration SYSTEM "log4j.dtd">
<log4j:configuration debug="true" xmlns:log4j="http://jakarta.apache.org/log4j/">

    <appender name="console" class="org.apache.log4j.ConsoleAppender">
        <layout class="org.apache.log4j.PatternLayout">
            <param name="ConversionPattern" value="%d{HH:mm:ss,SSS} %-5p %-60c %x - %m%n" />
        </layout>
    </appender>

    <!--
    <appender name="file" class="org.apache.log4j.RollingFileAppender">
        <param name="append" value="false" />
        <param name="maxFileSize" value="100MB" />
        <param name="maxBackupIndex" value="100" />
        <param name="file" value="${app.logs.path}/data.log" />
        <layout class="org.apache.log4j.PatternLayout">
            <param name="ConversionPattern" value="%d{HH:mm:ss,SSS} %-5p %-60c %x - %m%n" />
        </layout>
    </appender>

    <appender name="integrity-logs-file" class="org.apache.log4j.RollingFileAppender">
        <param name="append" value="false" />
        <param name="maxFileSize" value="100MB" />
        <param name="maxBackupIndex" value="100" />
        <param name="file" value="${app.logs.path}/integrity.log" />
        <layout class="org.apache.log4j.PatternLayout">
            <param name="ConversionPattern" value="%m%n" />
        </layout>
    </appender>
    -->

    <appender name="integrity-logs-file-daily" class="org.apache.log4j.DailyRollingFileAppender">
        <param name="file" value="${app.logs.path}/integrity.log" />
        <param name="DatePattern" value="'.'yyyy-MM-dd" />
        <layout class="org.apache.log4j.PatternLayout">
            <param name="ConversionPattern" value="%m%n" />
        </layout>
    </appender>

    <appender name="latency-logs-file-daily" class="org.apache.log4j.DailyRollingFileAppender">
        <param name="file" value="${app.logs.path}/latency.log" />
        <param name="DatePattern" value="'.'yyyy-MM-dd" />
        <layout class="org.apache.log4j.PatternLayout">
            <param name="ConversionPattern" value="%m%n" />
        </layout>
    </appender>


    <logger name="integrity">
        <level value="INFO"/>
        <appender-ref ref="integrity-logs-file-daily" />
        <appender-ref ref="console" />
    </logger>

    <logger name="latency">
        <level value="INFO"/>
        <appender-ref ref="latency-logs-file-daily" />
        <appender-ref ref="console" />
    </logger>

    <root>
        <level value="INFO" />
        <appender-ref ref="console" />
    </root>

</log4j:configuration>