{
    "monitoring": {
        "toplevel_ui_metrics": "https://grafana-gilbqkndeyyemv.deployment.fd19.sports.infra-host.com/d/001/monitoring-dashboard?refresh=5s&orgId=1",
        "number_of_shards": "6",
        "kinesis_data_stream": "gilbqkndeyyemv_events",
        "prometheus_endpoint": "http://prometheus-gilbqkndeyyemv.deployment.fd19.sports.infra-host.com:9090"
    },
    "cvt": {
        "all_streams": [
            "##MISSING##"
        ],
        "kinesis_backup_firehose": "cvt_firehose_stream_gilbqkndeyyemv",
        "region": "eu-west-1",
        "kinesis_data_stream": "gilbqkndeyyemv_cvt",
        "max_cameras": 15
    },
    "log_level": "debug",
    "partial_deployment": true,
    "hibernated": true,
    "compute_clusters": {
        "fd19_flink": {
            "auto_scaling_group": "k8s_cpu_fd19_flink20190901111000022600000017-asg",
            "flink_jar_name": "FullFlow2k.jar",
            "kibana_ui_metrics": "https://grafana-gilbqkndeyyemv.deployment.fd19.sports.infra-host.com/d/oWe9aYxmk/1-kubernetes-deployment-statefulset-daemonset-metrics?refresh=30s&orgId=1&var-Statefulset=decoder",
            "log_level": "debug",
            "type": "flink",
            "flink_jobmanager": "##MISSING##",
            "component": "fd19",
            "kibana_ui_logs": "https://search-isg-fd19-monit-es-sc5to55ef23pbjafusjr4xgmda.us-east-1.es.amazonaws.com/_plugin/kibana/app/kibana#/dashboard/gilbqkndeyyemv-fd19_flink-app-logs-dash",
            "kinesis_data_stream": "teecontrol_gilbqkndeyyemv_periodicmetadataagg_fd19_flink",
            "cluster_size": 0,
            "flink_ui": "https://flink-ui-gilbqkndeyyemv.deployment.fd19.sports.infra-host.com",
            "flink_jar_id": "##MISSING##",
            "logstash_endpoint": "##MISSING##",
            "server_type": "m4.4xlarge",
            "key": "fd19_flink"
        },
        "localization": {
            "auto_scaling_group": "k8s_gpu_localization20190901110950825000000010-asg",
            "component": "fd19",
            "kibana_ui_logs": "https://search-isg-fd19-monit-es-sc5to55ef23pbjafusjr4xgmda.us-east-1.es.amazonaws.com/_plugin/kibana/app/kibana#/dashboard/gilbqkndeyyemv-localization-app-logs-dash",
            "kinesis_data_stream": "teecontrol_gilbqkndeyyemv_periodicmetadataagg_localization",
            "cluster_size": 0,
            "kibana_ui_metrics": "https://grafana-gilbqkndeyyemv.deployment.fd19.sports.infra-host.com/d/oWe9aYxmk/1-kubernetes-deployment-statefulset-daemonset-metrics?refresh=30s&orgId=1&var-Statefulset=decoder",
            "log_level": "debug",
            "stateless_host_name": "localization.default.svc.cluster.local",
            "type": "k8s stateless",
            "logstash_endpoint": "##MISSING##",
            "server_type": "g3.4xlarge",
            "key": "localization"
        },
        "multiview": {
            "auto_scaling_group": "k8s_gpu_multiview20190901111003653900000019-asg",
            "component": "fd19",
            "kibana_ui_logs": "https://search-isg-fd19-monit-es-sc5to55ef23pbjafusjr4xgmda.us-east-1.es.amazonaws.com/_plugin/kibana/app/kibana#/dashboard/gilbqkndeyyemv-multiview-app-logs-dash",
            "kinesis_data_stream": "teecontrol_gilbqkndeyyemv_periodicmetadataagg_multiview",
            "cluster_size": 0,
            "kibana_ui_metrics": "https://grafana-gilbqkndeyyemv.deployment.fd19.sports.infra-host.com/d/oWe9aYxmk/1-kubernetes-deployment-statefulset-daemonset-metrics?refresh=30s&orgId=1&var-Statefulset=decoder",
            "log_level": "debug",
            "type": "k8s stateful",
            "logstash_endpoint": "##MISSING##",
            "stateful_host_template": "multiview-%d.multiview.default.svc.cluster.local",
            "server_type": "g3.16xlarge",
            "key": "multiview"
        },
        "cvt": {
            "auto_scaling_group": "k8s_p3_gpu_cvt20190901110935834000000009-asg",
            "component": "cvt",
            "kibana_ui_logs": "https://search-isg-fd19-monit-es-sc5to55ef23pbjafusjr4xgmda.us-east-1.es.amazonaws.com/_plugin/kibana/app/kibana#/dashboard/gilbqkndeyyemv-cvt-app-logs-dash",
            "kinesis_data_stream": "teecontrol_gilbqkndeyyemv_periodicmetadataagg_cvt",
            "cluster_size": 0,
            "kibana_ui_metrics": "https://grafana-gilbqkndeyyemv.deployment.fd19.sports.infra-host.com/d/oWe9aYxmk/1-kubernetes-deployment-statefulset-daemonset-metrics?refresh=30s&orgId=1&var-Statefulset=decoder",
            "log_level": "debug",
            "type": "k8s stateful",
            "logstash_endpoint": "##MISSING##",
            "stateful_host_template": "cvt-%d.cvt.default.svc.cluster.local",
            "server_type": "p3.16xlarge",
            "key": "cvt"
        },
        "dxt": {
            "auto_scaling_group": "k8s_cpu_dxt2019090111094560540000000d-asg",
            "component": "fd19",
            "kibana_ui_logs": "https://search-isg-fd19-monit-es-sc5to55ef23pbjafusjr4xgmda.us-east-1.es.amazonaws.com/_plugin/kibana/app/kibana#/dashboard/gilbqkndeyyemv-dxt-app-logs-dash",
            "kinesis_data_stream": "teecontrol_gilbqkndeyyemv_periodicmetadataagg_dxt",
            "cluster_size": 0,
            "kibana_ui_metrics": "https://grafana-gilbqkndeyyemv.deployment.fd19.sports.infra-host.com/d/oWe9aYxmk/1-kubernetes-deployment-statefulset-daemonset-metrics?refresh=30s&orgId=1&var-Statefulset=decoder",
            "log_level": "debug",
            "stateless_host_name": "dxt.default.svc.cluster.local",
            "type": "k8s stateless",
            "logstash_endpoint": "##MISSING##",
            "server_type": "c5n.4xlarge",
            "key": "dxt"
        },
        "render_hd": {
            "auto_scaling_group": "k8s_gpu_render_hd20190901110956633800000016-asg",
            "component": "fd19",
            "kibana_ui_logs": "https://search-isg-fd19-monit-es-sc5to55ef23pbjafusjr4xgmda.us-east-1.es.amazonaws.com/_plugin/kibana/app/kibana#/dashboard/gilbqkndeyyemv-render_hd-app-logs-dash",
            "kinesis_data_stream": "teecontrol_gilbqkndeyyemv_periodicmetadataagg_render_hd",
            "cluster_size": 0,
            "kibana_ui_metrics": "https://grafana-gilbqkndeyyemv.deployment.fd19.sports.infra-host.com/d/oWe9aYxmk/1-kubernetes-deployment-statefulset-daemonset-metrics?refresh=30s&orgId=1&var-Statefulset=decoder",
            "sub_component": "render",
            "log_level": "debug",
            "stateless_host_name": "render-hd.default.svc.cluster.local",
            "type": "k8s stateless",
            "logstash_endpoint": "##MISSING##",
            "server_type": "g3.16xlarge",
            "key": "render_hd"
        },
        "fd19_validation": {
            "auto_scaling_group": "k8s_cpu_fd19_validation20190901110954682600000013-asg",
            "component": "validation",
            "kibana_ui_logs": "https://search-isg-fd19-monit-es-sc5to55ef23pbjafusjr4xgmda.us-east-1.es.amazonaws.com/_plugin/kibana/app/kibana#/dashboard/gilbqkndeyyemv-fd19_validation-app-logs-dash",
            "kinesis_data_stream": "teecontrol_gilbqkndeyyemv_periodicmetadataagg_fd19_validation",
            "cluster_size": 15,
            "kibana_ui_metrics": "https://grafana-gilbqkndeyyemv.deployment.fd19.sports.infra-host.com/d/oWe9aYxmk/1-kubernetes-deployment-statefulset-daemonset-metrics?refresh=30s&orgId=1&var-Statefulset=decoder",
            "log_level": "debug",
            "type": "k8s stateful",
            "logstash_endpoint": "##MISSING##",
            "stateful_host_template": "fd19-validation-%d.fd19-validation.default.svc.cluster.local",
            "server_type": "m4.4xlarge",
            "key": "fd19_validation"
        },
        "render_4k": {
            "auto_scaling_group": "k8s_gpu_render_4k20190901110955045400000014-asg",
            "component": "fd19",
            "kibana_ui_logs": "https://search-isg-fd19-monit-es-sc5to55ef23pbjafusjr4xgmda.us-east-1.es.amazonaws.com/_plugin/kibana/app/kibana#/dashboard/gilbqkndeyyemv-render_4k-app-logs-dash",
            "kinesis_data_stream": "teecontrol_gilbqkndeyyemv_periodicmetadataagg_render_4k",
            "cluster_size": 0,
            "kibana_ui_metrics": "https://grafana-gilbqkndeyyemv.deployment.fd19.sports.infra-host.com/d/oWe9aYxmk/1-kubernetes-deployment-statefulset-daemonset-metrics?refresh=30s&orgId=1&var-Statefulset=decoder",
            "sub_component": "render",
            "log_level": "debug",
            "stateless_host_name": "render-4k.default.svc.cluster.local",
            "type": "k8s stateless",
            "logstash_endpoint": "##MISSING##",
            "server_type": "g3.16xlarge",
            "key": "render_4k"
        },
        "stream_analytics": {
            "auto_scaling_group": "k8s_cpu_stream_analytics20190901110951128400000011-asg",
            "flink_jar_name": "monitoring-intel-influx-master.jar",
            "kibana_ui_metrics": "https://grafana-gilbqkndeyyemv.deployment.fd19.sports.infra-host.com/d/oWe9aYxmk/1-kubernetes-deployment-statefulset-daemonset-metrics?refresh=30s&orgId=1&var-Statefulset=decoder",
            "log_level": "debug",
            "type": "flink",
            "flink_jobmanager": "##MISSING##",
            "component": "monitoring",
            "kibana_ui_logs": "https://search-isg-fd19-monit-es-sc5to55ef23pbjafusjr4xgmda.us-east-1.es.amazonaws.com/_plugin/kibana/app/kibana#/dashboard/gilbqkndeyyemv-stream_analytics-app-logs-dash",
            "kinesis_data_stream": "teecontrol_gilbqkndeyyemv_periodicmetadataagg_stream_analytics",
            "cluster_size": 0,
            "flink_ui": "##MISSING##",
            "flink_jar_id": "##MISSING##",
            "logstash_endpoint": "##MISSING##",
            "server_type": "m4.xlarge",
            "key": "stream_analytics"
        },
        "decode": {
            "auto_scaling_group": "k8s_gpu_decode20190901110954539900000012-asg",
            "component": "fd19",
            "kibana_ui_logs": "https://search-isg-fd19-monit-es-sc5to55ef23pbjafusjr4xgmda.us-east-1.es.amazonaws.com/_plugin/kibana/app/kibana#/dashboard/gilbqkndeyyemv-decode-app-logs-dash",
            "kinesis_data_stream": "teecontrol_gilbqkndeyyemv_periodicmetadataagg_decode",
            "cluster_size": 15,
            "kibana_ui_metrics": "https://grafana-gilbqkndeyyemv.deployment.fd19.sports.infra-host.com/d/oWe9aYxmk/1-kubernetes-deployment-statefulset-daemonset-metrics?refresh=30s&orgId=1&var-Statefulset=decoder",
            "log_level": "debug",
            "type": "k8s stateful",
            "logstash_endpoint": "##MISSING##",
            "stateful_host_template": "decode-%d.decode.default.svc.cluster.local",
            "server_type": "g3.8xlarge",
            "key": "decode"
        },
        "stream_agg": {
            "auto_scaling_group": "k8s_gpu_stream_agg2019090111100381320000001a-asg",
            "component": "fd19",
            "kibana_ui_logs": "https://search-isg-fd19-monit-es-sc5to55ef23pbjafusjr4xgmda.us-east-1.es.amazonaws.com/_plugin/kibana/app/kibana#/dashboard/gilbqkndeyyemv-stream_agg-app-logs-dash",
            "kinesis_data_stream": "teecontrol_gilbqkndeyyemv_periodicmetadataagg_stream_agg",
            "cluster_size": 0,
            "kibana_ui_metrics": "https://grafana-gilbqkndeyyemv.deployment.fd19.sports.infra-host.com/d/oWe9aYxmk/1-kubernetes-deployment-statefulset-daemonset-metrics?refresh=30s&orgId=1&var-Statefulset=decoder",
            "log_level": "debug",
            "type": "k8s stateful",
            "logstash_endpoint": "##MISSING##",
            "stateful_host_template": "stream-agg-%d.stream-agg.default.svc.cluster.local",
            "server_type": "g3.8xlarge",
            "key": "stream_agg"
        },
        "recon_xgen": {
            "auto_scaling_group": "k8s_cpu_recon_xgen2019090111094627970000000f-asg",
            "component": "fd19",
            "kibana_ui_logs": "https://search-isg-fd19-monit-es-sc5to55ef23pbjafusjr4xgmda.us-east-1.es.amazonaws.com/_plugin/kibana/app/kibana#/dashboard/gilbqkndeyyemv-recon_xgen-app-logs-dash",
            "kinesis_data_stream": "teecontrol_gilbqkndeyyemv_periodicmetadataagg_recon_xgen",
            "cluster_size": 0,
            "kibana_ui_metrics": "https://grafana-gilbqkndeyyemv.deployment.fd19.sports.infra-host.com/d/oWe9aYxmk/1-kubernetes-deployment-statefulset-daemonset-metrics?refresh=30s&orgId=1&var-Statefulset=decoder",
            "sub_component": "recon",
            "log_level": "debug",
            "stateless_host_name": "recon-xgen.default.svc.cluster.local",
            "type": "k8s stateless",
            "logstash_endpoint": "##MISSING##",
            "server_type": "c5n.18xlarge",
            "key": "recon_xgen"
        },
        "render_360s": {
            "auto_scaling_group": "k8s_gpu_render_360s2019090111100423100000001b-asg",
            "component": "fd19",
            "kibana_ui_logs": "https://search-isg-fd19-monit-es-sc5to55ef23pbjafusjr4xgmda.us-east-1.es.amazonaws.com/_plugin/kibana/app/kibana#/dashboard/gilbqkndeyyemv-render_360s-app-logs-dash",
            "kinesis_data_stream": "teecontrol_gilbqkndeyyemv_periodicmetadataagg_render_360s",
            "cluster_size": 0,
            "kibana_ui_metrics": "https://grafana-gilbqkndeyyemv.deployment.fd19.sports.infra-host.com/d/oWe9aYxmk/1-kubernetes-deployment-statefulset-daemonset-metrics?refresh=30s&orgId=1&var-Statefulset=decoder",
            "sub_component": "render",
            "log_level": "debug",
            "stateless_host_name": "render-360s.default.svc.cluster.local",
            "type": "k8s stateless",
            "logstash_endpoint": "##MISSING##",
            "server_type": "g3.16xlarge",
            "key": "render_360s"
        },
        "recon_vh": {
            "auto_scaling_group": "k8s_p3_gpu_recon_vh2019090111093714670000000b-asg",
            "component": "fd19",
            "kibana_ui_logs": "https://search-isg-fd19-monit-es-sc5to55ef23pbjafusjr4xgmda.us-east-1.es.amazonaws.com/_plugin/kibana/app/kibana#/dashboard/gilbqkndeyyemv-recon_vh-app-logs-dash",
            "kinesis_data_stream": "teecontrol_gilbqkndeyyemv_periodicmetadataagg_recon_vh",
            "cluster_size": 0,
            "kibana_ui_metrics": "https://grafana-gilbqkndeyyemv.deployment.fd19.sports.infra-host.com/d/oWe9aYxmk/1-kubernetes-deployment-statefulset-daemonset-metrics?refresh=30s&orgId=1&var-Statefulset=decoder",
            "sub_component": "recon",
            "log_level": "debug",
            "stateless_host_name": "recon-vh.default.svc.cluster.local",
            "type": "k8s stateless",
            "logstash_endpoint": "##MISSING##",
            "server_type": "p3.8xlarge",
            "key": "recon_vh"
        },
        "segmentation": {
            "auto_scaling_group": "k8s_gpu_segmentation20190901111000220100000018-asg",
            "component": "fd19",
            "kibana_ui_logs": "https://search-isg-fd19-monit-es-sc5to55ef23pbjafusjr4xgmda.us-east-1.es.amazonaws.com/_plugin/kibana/app/kibana#/dashboard/gilbqkndeyyemv-segmentation-app-logs-dash",
            "kinesis_data_stream": "teecontrol_gilbqkndeyyemv_periodicmetadataagg_segmentation",
            "cluster_size": 0,
            "kibana_ui_metrics": "https://grafana-gilbqkndeyyemv.deployment.fd19.sports.infra-host.com/d/oWe9aYxmk/1-kubernetes-deployment-statefulset-daemonset-metrics?refresh=30s&orgId=1&var-Statefulset=decoder",
            "log_level": "debug",
            "stateless_host_name": "segmentation.default.svc.cluster.local",
            "type": "k8s stateless",
            "logstash_endpoint": "##MISSING##",
            "server_type": "g3.4xlarge",
            "key": "segmentation"
        },
        "cvt_misc": {
            "auto_scaling_group": "k8s_cpu_cvt_misc2019090111093623900000000a-asg",
            "component": "cvt",
            "kibana_ui_logs": "https://search-isg-fd19-monit-es-sc5to55ef23pbjafusjr4xgmda.us-east-1.es.amazonaws.com/_plugin/kibana/app/kibana#/dashboard/gilbqkndeyyemv-cvt_misc-app-logs-dash",
            "kinesis_data_stream": "teecontrol_gilbqkndeyyemv_periodicmetadataagg_cvt_misc",
            "cluster_size": 0,
            "kibana_ui_metrics": "https://grafana-gilbqkndeyyemv.deployment.fd19.sports.infra-host.com/d/oWe9aYxmk/1-kubernetes-deployment-statefulset-daemonset-metrics?refresh=30s&orgId=1&var-Statefulset=decoder",
            "log_level": "debug",
            "stateless_host_name": "cvt-misc.default.svc.cluster.local",
            "type": "k8s stateless",
            "logstash_endpoint": "##MISSING##",
            "server_type": "c5.9xlarge",
            "key": "cvt_misc"
        },
        "camera": {
            "auto_scaling_group": "k8s_cpu_camera2019090111094538440000000c-asg",
            "component": "fd19",
            "kibana_ui_logs": "https://search-isg-fd19-monit-es-sc5to55ef23pbjafusjr4xgmda.us-east-1.es.amazonaws.com/_plugin/kibana/app/kibana#/dashboard/gilbqkndeyyemv-camera-app-logs-dash",
            "kinesis_data_stream": "RenderingTrials",
            "cluster_size": 15,
            "kibana_ui_metrics": "https://grafana-gilbqkndeyyemv.deployment.fd19.sports.infra-host.com/d/oWe9aYxmk/1-kubernetes-deployment-statefulset-daemonset-metrics?refresh=30s&orgId=1&var-Statefulset=decoder",
            "log_level": "debug",
            "type": "k8s stateful",
            "logstash_endpoint": "##MISSING##",
            "stateful_host_template": "camera-%d.camera.default.svc.cluster.local",
            "server_type": "m4.4xlarge",
            "key": "camera"
        },
        "mps_processor": {
            "auto_scaling_group": "k8s_cpu_mps_processor20190901110955487400000015-asg",
            "component": "mps",
            "kibana_ui_logs": "https://search-isg-fd19-monit-es-sc5to55ef23pbjafusjr4xgmda.us-east-1.es.amazonaws.com/_plugin/kibana/app/kibana#/dashboard/gilbqkndeyyemv-mps_processor-app-logs-dash",
            "kinesis_data_stream": "teecontrol_gilbqkndeyyemv_periodicmetadataagg_mps_processor",
            "cluster_size": 0,
            "kibana_ui_metrics": "https://grafana-gilbqkndeyyemv.deployment.fd19.sports.infra-host.com/d/oWe9aYxmk/1-kubernetes-deployment-statefulset-daemonset-metrics?refresh=30s&orgId=1&var-Statefulset=decoder",
            "log_level": "debug",
            "type": "k8s stateful",
            "logstash_endpoint": "##MISSING##",
            "stateful_host_template": "mps-processor-%d.mps-processor.default.svc.cluster.local",
            "server_type": "t3.xlarge",
            "key": "mps_processor"
        }
    },
    "deployment_steps": [
        {
            "name": "infrastructure",
            "ref_name": "v1.4",
            "reported_time": "2019-09-01T10:45:24.495568762Z",
            "project_name": "sports/fdcore/fd19",
            "project_id": 1916,
            "status": "finished"
        },
        {
            "ref_name": "master",
            "project_id": 32492,
            "name": "periodic metadata aggreagator",
            "step": 1,
            "reported_time": "2019-09-01T10:45:24.495568951Z",
            "project_name": "sports/fdcore/periodicmetadataaggregator",
            "status": "started"
        },
        {
            "ref_name": "v1.0",
            "project_id": 3055,
            "name": "application",
            "step": 4,
            "reported_time": "2019-09-01T10:45:24.495569018Z",
            "project_name": "sports/fdcore/fd19helm",
            "status": "pending"
        },
        {
            "ref_name": "master",
            "project_id": 5212,
            "name": "dashboards",
            "step": 5,
            "reported_time": "2019-09-01T10:45:24.49556908Z",
            "project_name": "sports/monitoring/kibana_visualizations",
            "status": "failed"
        }
    ],
    "toplevel_ui_metrics": "https://grafana-gilbqkndeyyemv.deployment.fd19.sports.infra-host.com/d/001/monitoring-dashboard?refresh=5s&orgId=1",
    "deployment_name": "gil",
    "estimated_cost": {
        "total_active_hours": 457,
        "total_cost_per_hour_hibernated": "14.70",
        "total_hibernated_hours": 0,
        "total_estimated_cost": "33315.30",
        "total_cost_per_hour": "72.90"
    },
    "virtual_cameras": {
        "output_s3_bucket": "intel-sports-eu-west-1-gilbqkndeyyemv",
        "max_cameras": 1
    },
    "region": "eu-west-1",
    "deployment_status": "deployed",
    "last_modified": "2019-09-09T20:04:49.698Z",
    "default_game_id": "NO_GAME_ID_SPECIFIED",
    "deployment_id": "gilbqkndeyyemv",
    "grpc": {
        "port": 8080
    },
    "service_status": "stopped",
    "periodic_metadata": {
        "shared_storage_root": "/mnt/lustre",
        "kinesis_data_stream": "teecontrol_gilbqkndeyyemv_periodicmetadataagg",
        "s3_bucket_static": "intel-sports-eu-west-1-teecontrol-gilbqkndeyyemv",
        "dynamo_db_table": "teecontrol_gilbqkndeyyemv",
        "region": "eu-west-1",
        "sqs_queue_url": "https://sqs.eu-west-1.amazonaws.com/753274046439/teecontrol_gilbqkndeyyemv_periodicmetadataagg_sqs",
        "s3_bucket": "intel-sports-eu-west-1-teecontrol-gilbqkndeyyemv"
    },
    "services": {
        "fd19-stream-analytics-tm": {
            "serviceName": "fd19-stream-analytics-tm",
            "type": "stateless",
            "port": 6125,
            "replicas": 0,
            "clusterName": "stream_analytics"
        },
        "localization": {
            "serviceName": "localization",
            "type": "stateless",
            "port": 8080,
            "replicas": 0,
            "clusterName": "localization"
        },
        "multiview": {
            "serviceName": "multiview",
            "type": "stateful",
            "port": 8080,
            "replicas": 0,
            "clusterName": "multiview"
        },
        "stream-agg": {
            "serviceName": "stream-agg",
            "type": "stateful",
            "port": 8080,
            "replicas": 0,
            "clusterName": "stream_agg"
        },
        "player-pto-1": {
            "serviceName": "player-pto-1",
            "type": "stateless",
            "port": 0,
            "replicas": 1,
            "clusterName": "cvt_misc"
        },
        "life-cycle-1": {
            "serviceName": "life-cycle-1",
            "type": "stateless",
            "port": 0,
            "replicas": 1,
            "clusterName": "cvt_misc"
        },
        "player-mcmt-1": {
            "serviceName": "player-mcmt-1",
            "type": "stateless",
            "port": 0,
            "replicas": 1,
            "clusterName": "cvt_misc"
        },
        "recon-vh": {
            "serviceName": "recon-vh",
            "type": "stateless",
            "port": 8080,
            "replicas": 0,
            "clusterName": "recon_vh"
        },
        "ball-bhp-1": {
            "serviceName": "ball-bhp-1",
            "type": "stateless",
            "port": 0,
            "replicas": 1,
            "clusterName": "cvt_misc"
        },
        "ball-online-fusion-1": {
            "serviceName": "ball-online-fusion-1",
            "type": "stateless",
            "port": 0,
            "replicas": 1,
            "clusterName": "cvt_misc"
        },
        "fd19-validation": {
            "serviceName": "fd19-validation",
            "type": "stateful",
            "port": 443,
            "replicas": 15,
            "clusterName": "fd19_validation"
        },
        "output-1": {
            "serviceName": "output-1",
            "type": "stateless",
            "port": 0,
            "replicas": 1,
            "clusterName": "cvt_misc"
        },
        "decode": {
            "dynamo_db_table": "fd19_retransmit_api_gilbqkndeyyemv",
            "serviceName": "decode",
            "type": "stateful",
            "port": 0,
            "replicas": 15,
            "clusterName": "decode"
        },
        "redis": {
            "serviceName": "redis",
            "type": "stateless",
            "port": 0,
            "replicas": 1,
            "clusterName": "cvt_misc"
        },
        "logstash": {
            "s3_bucket": "isg-tee-control-logstash-logs"
        },
        "player-collect-1": {
            "serviceName": "player-collect-1",
            "type": "stateless",
            "port": 0,
            "replicas": 1,
            "clusterName": "cvt_misc"
        },
        "fd19-sqspuller": {
            "serviceName": "fd19-sqspuller",
            "type": "stateless",
            "port": 8125,
            "replicas": 1,
            "clusterName": "fd19_flink"
        },
        "mps-processor": {
            "containers": {
                "mp4-recorder": {
                    "port": 31870
                },
                "h264-stream-repeater": {
                    "port": 50823
                }
            },
            "serviceName": "mps-processor",
            "type": "stateful",
            "replicas": 0,
            "clusterName": "mps_processor",
            "configmap": "mps-service-configmap"
        },
        "player-detection-1": {
            "serviceName": "player-detection-1",
            "type": "stateless",
            "port": 0,
            "replicas": 0,
            "clusterName": "cvt"
        },
        "fd19-stream-analytics-jm": {
            "serviceName": "fd19-stream-analytics-jm",
            "type": "stateless",
            "port": 8081,
            "replicas": 1,
            "clusterName": "stream_analytics"
        },
        "player-detection-2": {
            "serviceName": "player-detection-2",
            "type": "stateless",
            "port": 0,
            "replicas": 0,
            "clusterName": "cvt"
        },
        "ball-track-1": {
            "serviceName": "ball-track-1",
            "type": "stateless",
            "port": 0,
            "replicas": 0,
            "clusterName": "cvt"
        },
        "segmentation": {
            "serviceName": "segmentation",
            "type": "stateless",
            "port": 8080,
            "replicas": 0,
            "clusterName": "segmentation"
        },
        "frame-receiver-1": {
            "serviceName": "frame-receiver-1",
            "type": "stateful",
            "port": 0,
            "replicas": 0,
            "clusterName": "cvt"
        },
        "camera": {
            "serviceName": "camera",
            "type": "stateful",
            "port": 8080,
            "replicas": 15,
            "clusterName": "camera"
        },
        "player-track-1": {
            "serviceName": "player-track-1",
            "type": "stateless",
            "port": 0,
            "replicas": 0,
            "clusterName": "cvt"
        },
        "player-team-jersey-1": {
            "serviceName": "player-team-jersey-1",
            "type": "stateless",
            "port": 0,
            "replicas": 0,
            "clusterName": "cvt"
        },
        "player-team-jersey-2": {
            "serviceName": "player-team-jersey-2",
            "type": "stateless",
            "port": 0,
            "replicas": 0,
            "clusterName": "cvt"
        },
        "dxt": {
            "serviceName": "dxt",
            "type": "stateless",
            "port": 8080,
            "replicas": 0,
            "clusterName": "dxt"
        },
        "render-360s": {
            "serviceName": "render-360s",
            "type": "stateless",
            "port": 8080,
            "replicas": 0,
            "clusterName": "render_360s"
        },
        "fd19-fd19-flink-tm": {
            "serviceName": "fd19-fd19-flink-tm",
            "type": "stateless",
            "port": 6125,
            "replicas": 0,
            "clusterName": "fd19_flink"
        },
        "frame-loader-1": {
            "serviceName": "frame-loader-1",
            "type": "stateless",
            "port": 0,
            "replicas": 0,
            "clusterName": "cvt"
        },
        "render-4k": {
            "serviceName": "render-4k",
            "type": "stateless",
            "port": 8080,
            "replicas": 0,
            "clusterName": "render_4k"
        },
        "player-team-trainer-1": {
            "serviceName": "player-team-trainer-1",
            "type": "stateless",
            "port": 0,
            "replicas": 1,
            "clusterName": "cvt_misc"
        },
        "ball-detector-1": {
            "serviceName": "ball-detector-1",
            "type": "stateless",
            "port": 0,
            "replicas": 0,
            "clusterName": "cvt"
        },
        "ball-detector-2": {
            "serviceName": "ball-detector-2",
            "type": "stateless",
            "port": 0,
            "replicas": 0,
            "clusterName": "cvt"
        },
        "fd19-fd19-flink-jm": {
            "serviceName": "fd19-fd19-flink-jm",
            "type": "stateless",
            "port": 8081,
            "replicas": 1,
            "clusterName": "fd19_flink"
        },
        "recon-xgen": {
            "serviceName": "recon-xgen",
            "type": "stateless",
            "port": 8080,
            "replicas": 0,
            "clusterName": "recon_xgen"
        },
        "render-hd": {
            "serviceName": "render-hd",
            "type": "stateless",
            "port": 8080,
            "replicas": 0,
            "clusterName": "render_hd"
        },
        "frame-dispatcher-1": {
            "serviceName": "frame-dispatcher-1",
            "type": "stateless",
            "port": 0,
            "replicas": 1,
            "clusterName": "cvt_misc"
        },
        "ball-multicam-1": {
            "serviceName": "ball-multicam-1",
            "type": "stateless",
            "port": 0,
            "replicas": 1,
            "clusterName": "cvt_misc"
        },
        "player-association-1": {
            "serviceName": "player-association-1",
            "type": "stateless",
            "port": 0,
            "replicas": 1,
            "clusterName": "cvt_misc"
        },
        "etcd-node1": {
            "serviceName": "etcd-node1",
            "type": "stateless",
            "port": 8080,
            "replicas": 1,
            "clusterName": "cvt_misc"
        },
        "data_management": {
            "s3_bucket": "isg-teecontrol-data-management-svc-dev"
        },
        "release-image-1": {
            "serviceName": "release-image-1",
            "type": "stateless",
            "port": 0,
            "replicas": 0,
            "clusterName": "cvt"
        }
    },
    "decode": {
        "kinesis_data_stream": "gilbqkndeyyemv_decode",
        "kinesis_backup_firehose": "decode_firehose_stream_gilbqkndeyyemv"
    },
    "active_till": "2019-09-20T14:00:00.307Z",
    "pre_deployment_config": {
        "streamCountPcam": 1,
        "streamCountVcam": 1,
        "mediaStreams": [
            {
                "archive": true,
                "bitrate_SA_MPS": 20,
                "bitrate_MPS_MCC": 20,
                "mcc": true,
                "vcam": {
                    "renderType": "hd",
                    "vcamId": "vcam1"
                }
            },
            {
                "archive": true,
                "bitrate_SA_MPS": 20,
                "pcam": {
                    "renderType": "hd",
                    "pcamId": "pcam1"
                },
                "bitrate_MPS_MCC": 20,
                "mcc": true
            },
            {
                "archive": true,
                "bitrate_SA_MPS": 20,
                "pcam": {
                    "renderType": "hd",
                    "pcamId": "pcam2"
                },
                "bitrate_MPS_MCC": 20,
                "mcc": false
            },
            {
                "archive": true,
                "bitrate_SA_MPS": 20,
                "pcam": {
                    "renderType": "hd",
                    "pcamId": "pcam3"
                },
                "bitrate_MPS_MCC": 20,
                "mcc": false
            },
            {
                "archive": true,
                "bitrate_SA_MPS": 20,
                "pcam": {
                    "renderType": "hd",
                    "pcamId": "pcam4"
                },
                "bitrate_MPS_MCC": 20,
                "mcc": false
            },
            {
                "archive": true,
                "bitrate_SA_MPS": 20,
                "pcam": {
                    "renderType": "hd",
                    "pcamId": "pcam5"
                },
                "bitrate_MPS_MCC": 20,
                "mcc": false
            },
            {
                "archive": true,
                "bitrate_SA_MPS": 20,
                "pcam": {
                    "renderType": "hd",
                    "pcamId": "pcam6"
                },
                "bitrate_MPS_MCC": 20,
                "mcc": false
            },
            {
                "archive": true,
                "bitrate_SA_MPS": 20,
                "pcam": {
                    "renderType": "hd",
                    "pcamId": "pcam7"
                },
                "bitrate_MPS_MCC": 20,
                "mcc": false
            },
            {
                "archive": true,
                "bitrate_SA_MPS": 20,
                "pcam": {
                    "renderType": "hd",
                    "pcamId": "pcam8"
                },
                "bitrate_MPS_MCC": 20,
                "mcc": false
            },
            {
                "archive": true,
                "bitrate_SA_MPS": 20,
                "pcam": {
                    "renderType": "hd",
                    "pcamId": "pcam9"
                },
                "bitrate_MPS_MCC": 20,
                "mcc": false
            },
            {
                "archive": true,
                "bitrate_SA_MPS": 20,
                "pcam": {
                    "renderType": "hd",
                    "pcamId": "pcam10"
                },
                "bitrate_MPS_MCC": 20,
                "mcc": false
            },
            {
                "archive": true,
                "bitrate_SA_MPS": 20,
                "pcam": {
                    "renderType": "hd",
                    "pcamId": "pcam11"
                },
                "bitrate_MPS_MCC": 20,
                "mcc": false
            },
            {
                "archive": true,
                "bitrate_SA_MPS": 20,
                "pcam": {
                    "renderType": "hd",
                    "pcamId": "pcam12"
                },
                "bitrate_MPS_MCC": 20,
                "mcc": false
            },
            {
                "archive": true,
                "bitrate_SA_MPS": 20,
                "pcam": {
                    "renderType": "hd",
                    "pcamId": "pcam13"
                },
                "bitrate_MPS_MCC": 20,
                "mcc": false
            },
            {
                "archive": true,
                "bitrate_SA_MPS": 20,
                "pcam": {
                    "renderType": "hd",
                    "pcamId": "pcam14"
                },
                "bitrate_MPS_MCC": 20,
                "mcc": false
            },
            {
                "archive": true,
                "bitrate_SA_MPS": 20,
                "pcam": {
                    "renderType": "hd",
                    "pcamId": "pcam15"
                },
                "bitrate_MPS_MCC": 20,
                "mcc": false
            }
        ],
        "defaultVcamBitrate": 20,
        "defaultPcamBitrate": 20
    },
    "eks": {
        "user_role_arn": "arn:aws:iam::753274046439:role/fd19_gilbqkndeyyemv_eks_user",
        "cluster_name": "fd19_gilbqkndeyyemv"
    },
    "hls_packager": {
        "all_instances": [
            "##MISSING##"
        ]
    },
    "stadium_cameras": {
        "max_cameras": 15,
        "all_streams": [
            {
                "kinesis_video_arn": "arn:aws:kinesisvideo:eu-west-1:753274046439:stream/gilbqkndeyyemv_stadium_cameras_0/1567334834747",
                "kinesis_video_name": "gilbqkndeyyemv_stadium_cameras_0"
            },
            {
                "kinesis_video_arn": "arn:aws:kinesisvideo:eu-west-1:753274046439:stream/gilbqkndeyyemv_stadium_cameras_1/1567334835355",
                "kinesis_video_name": "gilbqkndeyyemv_stadium_cameras_1"
            },
            {
                "kinesis_video_arn": "arn:aws:kinesisvideo:eu-west-1:753274046439:stream/gilbqkndeyyemv_stadium_cameras_2/1567334835939",
                "kinesis_video_name": "gilbqkndeyyemv_stadium_cameras_2"
            },
            {
                "kinesis_video_arn": "arn:aws:kinesisvideo:eu-west-1:753274046439:stream/gilbqkndeyyemv_stadium_cameras_3/1567334836514",
                "kinesis_video_name": "gilbqkndeyyemv_stadium_cameras_3"
            },
            {
                "kinesis_video_arn": "arn:aws:kinesisvideo:eu-west-1:753274046439:stream/gilbqkndeyyemv_stadium_cameras_4/1567334837087",
                "kinesis_video_name": "gilbqkndeyyemv_stadium_cameras_4"
            },
            {
                "kinesis_video_arn": "arn:aws:kinesisvideo:eu-west-1:753274046439:stream/gilbqkndeyyemv_stadium_cameras_5/1567334837663",
                "kinesis_video_name": "gilbqkndeyyemv_stadium_cameras_5"
            },
            {
                "kinesis_video_arn": "arn:aws:kinesisvideo:eu-west-1:753274046439:stream/gilbqkndeyyemv_stadium_cameras_6/1567334838238",
                "kinesis_video_name": "gilbqkndeyyemv_stadium_cameras_6"
            },
            {
                "kinesis_video_arn": "arn:aws:kinesisvideo:eu-west-1:753274046439:stream/gilbqkndeyyemv_stadium_cameras_7/1567334838813",
                "kinesis_video_name": "gilbqkndeyyemv_stadium_cameras_7"
            },
            {
                "kinesis_video_arn": "arn:aws:kinesisvideo:eu-west-1:753274046439:stream/gilbqkndeyyemv_stadium_cameras_8/1567334839386",
                "kinesis_video_name": "gilbqkndeyyemv_stadium_cameras_8"
            },
            {
                "kinesis_video_arn": "arn:aws:kinesisvideo:eu-west-1:753274046439:stream/gilbqkndeyyemv_stadium_cameras_9/1567334839967",
                "kinesis_video_name": "gilbqkndeyyemv_stadium_cameras_9"
            },
            {
                "kinesis_video_arn": "arn:aws:kinesisvideo:eu-west-1:753274046439:stream/gilbqkndeyyemv_stadium_cameras_10/1567334840544",
                "kinesis_video_name": "gilbqkndeyyemv_stadium_cameras_10"
            },
            {
                "kinesis_video_arn": "arn:aws:kinesisvideo:eu-west-1:753274046439:stream/gilbqkndeyyemv_stadium_cameras_11/1567334841119",
                "kinesis_video_name": "gilbqkndeyyemv_stadium_cameras_11"
            },
            {
                "kinesis_video_arn": "arn:aws:kinesisvideo:eu-west-1:753274046439:stream/gilbqkndeyyemv_stadium_cameras_12/1567334841693",
                "kinesis_video_name": "gilbqkndeyyemv_stadium_cameras_12"
            },
            {
                "kinesis_video_arn": "arn:aws:kinesisvideo:eu-west-1:753274046439:stream/gilbqkndeyyemv_stadium_cameras_13/1567334842267",
                "kinesis_video_name": "gilbqkndeyyemv_stadium_cameras_13"
            },
            {
                "kinesis_video_arn": "arn:aws:kinesisvideo:eu-west-1:753274046439:stream/gilbqkndeyyemv_stadium_cameras_14/1567334842843",
                "kinesis_video_name": "gilbqkndeyyemv_stadium_cameras_14"
            }
        ]
    },
    "shared_storage": {
        "default": {
            "storage_size": 75600,
            "kibana_ui_logs": "##MISSING##",
            "custom_size": true,
            "kibana_ui_metrics": "##MISSING##",
            "mount_point": "/mnt/lustre",
            "server_type": "i3.16xlarge",
            "key": "default"
        },
        "extended": {
            "storage_size": 0,
            "kibana_ui_logs": "##MISSING##",
            "kibana_ui_metrics": "##MISSING##",
            "mount_point": "/mnt/lustre2",
            "server_type": "i3.16xlarge",
            "key": "extended"
        }
    },
    "schedule": {
        "game_day": {
            "active_by": "2019-09-01T12:30:44.307Z",
            "active_till": "2019-09-20T14:00:00.307Z"
        }
    },
    "approval_required": false,
    "active_by": "2019-09-01T12:30:44.307Z",
    "requested_by": "shalev.gil@intel.com",
    "business_purpose": "decoder development",
    "cvt_input": {
        "kinesis_data_stream": "gilbqkndeyyemv_cvt_input"
    },
    "deployment_history": [
        {
            "action": "Create",
            "message": "* new request * -> requested",
            "changed_by": "shalev.gil@intel.com",
            "timestamp": "2019-09-01T10:06:34.572Z"
        },
        {
            "action": "Deploy",
            "message": "requested -> pending",
            "changed_by": "UNKNOWN",
            "timestamp": "2019-09-01T10:45:29.104Z"
        },
        {
            "action": "Deploy",
            "message": "pending -> pending",
            "changed_by": "UNKNOWN",
            "timestamp": "2019-09-01T10:58:20.339Z"
        },
        {
            "action": "Deploy",
            "message": "pending -> pending",
            "changed_by": "UNKNOWN",
            "timestamp": "2019-09-01T11:22:16.782Z"
        },
        {
            "action": "Deploy",
            "message": "pending -> pending",
            "changed_by": "UNKNOWN",
            "timestamp": "2019-09-01T11:30:50.257Z"
        },
        {
            "action": "Deploy",
            "message": "pending -> pending",
            "changed_by": "UNKNOWN",
            "timestamp": "2019-09-01T11:36:47.282Z"
        },
        {
            "action": "Deploy",
            "message": "pending -> deployed",
            "changed_by": "UNKNOWN",
            "timestamp": "2019-09-01T11:41:09.675Z"
        },
        {
            "action": "Update",
            "message": "deployed -> deployed",
            "changed_by": "UNKNOWN",
            "timestamp": "2019-09-03T20:12:36.359Z"
        },
        {
            "action": "Update",
            "message": "deployed -> deployed",
            "changed_by": "UNKNOWN",
            "timestamp": "2019-09-03T20:12:42.437Z"
        },
        {
            "action": "Update",
            "message": "deployed -> deployed",
            "changed_by": "UNKNOWN",
            "timestamp": "2019-09-08T10:20:56.202Z"
        },
        {
            "action": "Update",
            "message": "deployed -> deployed",
            "changed_by": "UNKNOWN",
            "timestamp": "2019-09-08T10:21:06.283Z"
        }
    ]
}